[
    {
      "id": "552",
      "a01": "2021-06-27",
      "a02": "台南市",
      "a03": "安南區",
      "a04": "女",
      "a05": "否",
      "a06": "10-14"
    },
    {
      "id": "553",
      "a01": "2021-06-27",
      "a02": "台南市",
      "a03": "安南區",
      "a04": "女",
      "a05": "否",
      "a06": "10-14"
    },
    {
      "id": "554",
      "a01": "2021-06-27",
      "a02": "台南市",
      "a03": "安南區",
      "a04": "女",
      "a05": "否",
      "a06": "35-39"
    },
    {
      "id": "555",
      "a01": "2021-06-27",
      "a02": "台南市",
      "a03": "安南區",
      "a04": "女",
      "a05": "否",
      "a06": "35-39"
    },
    {
      "id": "556",
      "a01": "2021-06-27",
      "a02": "台南市",
      "a03": "安南區",
      "a04": "女",
      "a05": "否",
      "a06": "5-9"
    },
    {
      "id": "557",
      "a01": "2021-06-27",
      "a02": "台南市",
      "a03": "安南區",
      "a04": "女",
      "a05": "否",
      "a06": "60-64"
    },
    {
      "id": "558",
      "a01": "2021-06-27",
      "a02": "台南市",
      "a03": "安南區",
      "a04": "男",
      "a05": "否",
      "a06": "5-9"
    },
    {
      "id": "559",
      "a01": "2021-06-27",
      "a02": "台南市",
      "a03": "安南區",
      "a04": "男",
      "a05": "否",
      "a06": "65-69"
    },
    {
      "id": "1945",
      "a01": "2021-06-15",
      "a02": "台南市",
      "a03": "佳里區",
      "a04": "女",
      "a05": "否",
      "a06": "25-29"
    },
    {
      "id": "1946",
      "a01": "2021-06-15",
      "a02": "台南市",
      "a03": "佳里區",
      "a04": "男",
      "a05": "否",
      "a06": "65-69"
    },
    {
      "id": "2711",
      "a01": "2021-06-11",
      "a02": "台南市",
      "a03": "白河區",
      "a04": "男",
      "a05": "否",
      "a06": "70+"
    },
    {
      "id": "3005",
      "a01": "2021-06-10",
      "a02": "台南市",
      "a03": "大內區",
      "a04": "男",
      "a05": "否",
      "a06": "50-54"
    },
    {
      "id": "3275",
      "a01": "2021-06-09",
      "a02": "台南市",
      "a03": "大內區",
      "a04": "女",
      "a05": "否",
      "a06": "50-54"
    },
    {
      "id": "3539",
      "a01": "2021-06-08",
      "a02": "台南市",
      "a03": "仁德區",
      "a04": "女",
      "a05": "否",
      "a06": "45-49"
    },
    {
      "id": "3974",
      "a01": "2021-06-06",
      "a02": "台南市",
      "a03": "仁德區",
      "a04": "男",
      "a05": "否",
      "a06": "45-49"
    },
    {
      "id": "3975",
      "a01": "2021-06-06",
      "a02": "台南市",
      "a03": "永康區",
      "a04": "女",
      "a05": "否",
      "a06": "60-64"
    },
    {
      "id": "4379",
      "a01": "2021-06-05",
      "a02": "台南市",
      "a03": "佳里區",
      "a04": "女",
      "a05": "否",
      "a06": "60-64"
    },
    {
      "id": "5417",
      "a01": "2021-06-03",
      "a02": "台南市",
      "a03": "白河區",
      "a04": "女",
      "a05": "否",
      "a06": "70+"
    },
    {
      "id": "5418",
      "a01": "2021-06-03",
      "a02": "台南市",
      "a03": "白河區",
      "a04": "男",
      "a05": "否",
      "a06": "30-34"
    },
    {
      "id": "5921",
      "a01": "2021-06-02",
      "a02": "台南市",
      "a03": "白河區",
      "a04": "女",
      "a05": "否",
      "a06": "70+"
    },
    {
      "id": "5922",
      "a01": "2021-06-02",
      "a02": "台南市",
      "a03": "白河區",
      "a04": "男",
      "a05": "否",
      "a06": "70+"
    },
    {
      "id": "6418",
      "a01": "2021-06-01",
      "a02": "台南市",
      "a03": "白河區",
      "a04": "女",
      "a05": "否",
      "a06": "70+"
    },
    {
      "id": "8067",
      "a01": "2021-05-28",
      "a02": "台南市",
      "a03": "白河區",
      "a04": "女",
      "a05": "否",
      "a06": "70+"
    },
    {
      "id": "8068",
      "a01": "2021-05-28",
      "a02": "台南市",
      "a03": "白河區",
      "a04": "男",
      "a05": "否",
      "a06": "25-29"
    },
    {
      "id": "8069",
      "a01": "2021-05-28",
      "a02": "台南市",
      "a03": "白河區",
      "a04": "男",
      "a05": "否",
      "a06": "70+"
    },
    {
      "id": "8070",
      "a01": "2021-05-28",
      "a02": "台南市",
      "a03": "西港區",
      "a04": "女",
      "a05": "否",
      "a06": "65-69"
    },
    {
      "id": "8071",
      "a01": "2021-05-28",
      "a02": "台南市",
      "a03": "西港區",
      "a04": "男",
      "a05": "否",
      "a06": "25-29"
    },
    {
      "id": "8072",
      "a01": "2021-05-28",
      "a02": "台南市",
      "a03": "西港區",
      "a04": "男",
      "a05": "否",
      "a06": "60-64"
    },
    {
      "id": "8635",
      "a01": "2021-05-27",
      "a02": "台南市",
      "a03": "新營區",
      "a04": "女",
      "a05": "否",
      "a06": "30-34"
    },
    {
      "id": "9391",
      "a01": "2021-05-26",
      "a02": "台南市",
      "a03": "北區",
      "a04": "男",
      "a05": "否",
      "a06": "35-39"
    },
    {
      "id": "9392",
      "a01": "2021-05-26",
      "a02": "台南市",
      "a03": "南區",
      "a04": "男",
      "a05": "否",
      "a06": "50-54"
    },
    {
      "id": "9393",
      "a01": "2021-05-26",
      "a02": "台南市",
      "a03": "安南區",
      "a04": "男",
      "a05": "否",
      "a06": "25-29"
    },
    {
      "id": "9394",
      "a01": "2021-05-26",
      "a02": "台南市",
      "a03": "安南區",
      "a04": "男",
      "a05": "否",
      "a06": "55-59"
    },
    {
      "id": "9395",
      "a01": "2021-05-26",
      "a02": "台南市",
      "a03": "安平區",
      "a04": "女",
      "a05": "否",
      "a06": "45-49"
    },
    {
      "id": "9396",
      "a01": "2021-05-26",
      "a02": "台南市",
      "a03": "東區",
      "a04": "女",
      "a05": "否",
      "a06": "40-44"
    },
    {
      "id": "9397",
      "a01": "2021-05-26",
      "a02": "台南市",
      "a03": "東區",
      "a04": "男",
      "a05": "否",
      "a06": "20-24"
    },
    {
      "id": "9398",
      "a01": "2021-05-26",
      "a02": "台南市",
      "a03": "東區",
      "a04": "男",
      "a05": "否",
      "a06": "35-39"
    },
    {
      "id": "9918",
      "a01": "2021-05-25",
      "a02": "台南市",
      "a03": "安平區",
      "a04": "女",
      "a05": "否",
      "a06": "50-54"
    },
    {
      "id": "9919",
      "a01": "2021-05-25",
      "a02": "台南市",
      "a03": "麻豆區",
      "a04": "女",
      "a05": "否",
      "a06": "15-19"
    },
    {
      "id": "9920",
      "a01": "2021-05-25",
      "a02": "台南市",
      "a03": "麻豆區",
      "a04": "女",
      "a05": "否",
      "a06": "55-59"
    },
    {
      "id": "9921",
      "a01": "2021-05-25",
      "a02": "台南市",
      "a03": "麻豆區",
      "a04": "女",
      "a05": "否",
      "a06": "5-9"
    },
    {
      "id": "10500",
      "a01": "2021-05-24",
      "a02": "台南市",
      "a03": "北區",
      "a04": "女",
      "a05": "否",
      "a06": "40-44"
    },
    {
      "id": "10501",
      "a01": "2021-05-24",
      "a02": "台南市",
      "a03": "北區",
      "a04": "女",
      "a05": "否",
      "a06": "5-9"
    },
    {
      "id": "10502",
      "a01": "2021-05-24",
      "a02": "台南市",
      "a03": "安平區",
      "a04": "男",
      "a05": "否",
      "a06": "55-59"
    },
    {
      "id": "11018",
      "a01": "2021-05-23",
      "a02": "台南市",
      "a03": "安南區",
      "a04": "男",
      "a05": "否",
      "a06": "55-59"
    },
    {
      "id": "11019",
      "a01": "2021-05-23",
      "a02": "台南市",
      "a03": "麻豆區",
      "a04": "男",
      "a05": "否",
      "a06": "65-69"
    },
    {
      "id": "11569",
      "a01": "2021-05-22",
      "a02": "台南市",
      "a03": "佳里區",
      "a04": "男",
      "a05": "否",
      "a06": "65-69"
    },
    {
      "id": "12697",
      "a01": "2021-05-19",
      "a02": "台南市",
      "a03": "新營區",
      "a04": "女",
      "a05": "否",
      "a06": "70+"
    },
    {
      "id": "12698",
      "a01": "2021-05-19",
      "a02": "台南市",
      "a03": "新營區",
      "a04": "男",
      "a05": "否",
      "a06": "65-69"
    },
    {
      "id": "15050",
      "a01": "2020-03-18",
      "a02": "台南市",
      "a03": "新市區",
      "a04": "女",
      "a05": "否",
      "a06": "25-29"
    }
  ]